{"Version":1,"ManifestType":"Build","Endpoints":[{"Route":"uploads/missions/1450212447796330496/resources/c11f35dc-9aa3-4319-9590-24694d0ec0ce.bhtoijn6ec.mp4","AssetFile":"uploads/missions/1450212447796330496/resources/c11f35dc-9aa3-4319-9590-24694d0ec0ce.mp4","Selectors":[],"ResponseHeaders":[{"Name":"Cache-Control","Value":"max-age=31536000, immutable"},{"Name":"Content-Length","Value":"3908533"},{"Name":"Content-Type","Value":"video/mp4"},{"Name":"ETag","Value":"\"wea4tpN/uDD8BAEmoGunDw0n+CkGO7YXPmwDPQ+mvUM=\""},{"Name":"Last-Modified","Value":"Fri, 26 Dec 2025 14:30:47 GMT"}],"EndpointProperties":[{"Name":"fingerprint","Value":"bhtoijn6ec"},{"Name":"integrity","Value":"sha256-wea4tpN/uDD8BAEmoGunDw0n+CkGO7YXPmwDPQ+mvUM="},{"Name":"label","Value":"uploads/missions/1450212447796330496/resources/c11f35dc-9aa3-4319-9590-24694d0ec0ce.mp4"}]},{"Route":"uploads/missions/1450212447796330496/resources/c11f35dc-9aa3-4319-9590-24694d0ec0ce.mp4","AssetFile":"uploads/missions/1450212447796330496/resources/c11f35dc-9aa3-4319-9590-24694d0ec0ce.mp4","Selectors":[],"ResponseHeaders":[{"Name":"Cache-Control","Value":"max-age=3600, must-revalidate"},{"Name":"Content-Length","Value":"3908533"},{"Name":"Content-Type","Value":"video/mp4"},{"Name":"ETag","Value":"\"wea4tpN/uDD8BAEmoGunDw0n+CkGO7YXPmwDPQ+mvUM=\""},{"Name":"Last-Modified","Value":"Fri, 26 Dec 2025 14:30:47 GMT"}],"EndpointProperties":[{"Name":"integrity","Value":"sha256-wea4tpN/uDD8BAEmoGunDw0n+CkGO7YXPmwDPQ+mvUM="}]}]}