{"ContentRoots":["/home/eslam/Downloads/School-Hub-v2/Back-End/wwwroot/"],"Root":{"Children":{"uploads":{"Children":{"missions":{"Children":{"1450212447796330496":{"Children":{"resources":{"Children":{"c11f35dc-9aa3-4319-9590-24694d0ec0ce.mp4":{"Children":null,"Asset":{"ContentRootIndex":0,"SubPath":"uploads/missions/1450212447796330496/resources/c11f35dc-9aa3-4319-9590-24694d0ec0ce.mp4"},"Patterns":null}},"Asset":null,"Patterns":null}},"Asset":null,"Patterns":null}},"Asset":null,"Patterns":null}},"Asset":null,"Patterns":null}},"Asset":null,"Patterns":[{"ContentRootIndex":0,"Pattern":"**","Depth":0}]}}